date	close	id	rate	open
24-Apr-17	20699.28	1001	0.097	93.24
25-Apr-17	21167.7	1003	0.091	95.35
26-Apr-17	21942.48	1005	0.134	98.84
27-Apr-17	22182.24	1007	0.121	99.92
30-Apr-17	22155.6	1009	0.099	99.8
1-May-17	22082.34	1011	0.164	99.47
2-May-17	22286.58	1013	0.167	100.39
3-May-17	22288.8	1015	0.108	100.4
4-May-17	22379.82	1017	0.186	100.81
7-May-17	23070.24	1019	0.118	103.92
8-May-17	45523.32	1021	0.099	205.06
9-May-17	45927.36	1023	0.127	206.88
10-May-17	46029.48	1025	0.17	207.34
11-May-17	46340.28	1027	0.159	208.74
14-May-17	46477.92	1029	0.104	209.36
15-May-17	23869.44	1031	0.085	107.52
16-May-17	46029.48	1033	0.114	207.34
17-May-17	24295.68	1035	0.195	109.44
18-May-17	24424.44	1037	0.14	110.02
21-May-17	24859.56	1039	0.101	111.98
22-May-17	25205.88	1041	0.097	113.54
23-May-17	25061.58	1043	0.096	112.89
24-May-17	24573.18	1045	0.093	110.69
25-May-17	25223.64	1047	0.211	113.62
29-May-17	25385.7	1049	0.143	114.35
30-May-17	26366.94	1051	0.09	118.77
31-May-17	26904.18	1053	0.129	121.19
1-Jun-17	26284.8	1055	0.107	118.4
4-Jun-17	26935.26	1057	0.128	121.33
5-Jun-17	27232.74	1059	0.123	122.67
6-Jun-17	36328.08	1061	0.1	163.64
7-Jun-17	45523.32	1063	0.147	205.06
8-Jun-17	27636.78	1065	0.127	124.49
11-Jun-17	26682.18	1067	0.099	120.19
12-Jun-17	26724.36	1069	0.089	120.38
13-Jun-17	26085	1071	0.118	117.5
14-Jun-17	26362.5	1073	0.107	118.75
15-Jun-17	26751	1075	0.148	120.5
18-Jun-17	27769.98	1077	0.105	125.09
19-Jun-17	27452.52	1079	0.136	123.66
20-Jun-17	26984.1	1081	0.086	121.55
21-Jun-17	27505.8	1083	0.093	123.9
22-Jun-17	27306	1085	0.185	123
25-Jun-17	27159.48	1087	0.114	122.34
26-Jun-17	26562.3	1089	0.075	119.65
27-Jun-17	27059.58	1091	0.148	121.89
28-Jun-17	26764.32	1093	0.152	120.56
29-Jun-17	27092.88	1095	0.092	122.04
2-Jul-17	26919.72	1097	0.111	121.26
3-Jul-17	28231.74	1099	0.187	127.17
5-Jul-17	29470.5	1101	0.102	132.75
6-Jul-17	29370.6	1103	0.104	132.3
9-Jul-17	28933.26	1105	0.198	130.33
10-Jul-17	29381.7	1107	0.13	132.35
11-Jul-17	29390.58	1109	0.087	132.39
12-Jul-17	29763.54	1111	0.151	134.07
13-Jul-17	30576.06	1113	0.126	137.73
16-Jul-17	30658.2	1115	0.107	138.1
17-Jul-17	30838.02	1117	0.076	138.91
18-Jul-17	30662.64	1119	0.139	138.12
19-Jul-17	31080	1121	0.136	140
20-Jul-17	31912.5	1123	0.137	143.75
23-Jul-17	31901.4	1125	0.09	143.7
24-Jul-17	29945.58	1127	0.119	134.89
25-Jul-17	30471.72	1129	0.151	137.26
26-Jul-17	32412	1131	0.256	146
27-Jul-17	31934.7	1133	0.175	143.85
30-Jul-17	31397.46	2013	0.101	141.43
31-Jul-17	29250.72	2016	0.084	131.76
1-Aug-17	29970	2020	0.07	135
2-Aug-17	30300.78	2050	0.148	136.49
3-Aug-17	29270.7	2060	0.036	131.85
6-Aug-17	30025.5	2068	0.034	135.25
7-Aug-17	29976.66	2070	0.084	135.03
8-Aug-17	29750.22	2090	0.069	134.01
9-Aug-17	28058.58	2100	0.062	126.39
10-Aug-17	27750	2110	0.057	125
13-Aug-17	28369.38	2122	0.097	127.79
14-Aug-17	27534.66	2130	0.061	124.03
15-Aug-17	26617.8	2150	0.066	119.9
16-Aug-17	25985.1	2164	0.059	117.05
17-Aug-17	27097.32	2170	0.088	122.06
20-Aug-17	27132.84	2180	0.121	122.22
21-Aug-17	28320.54	2185	0.057	127.57
22-Aug-17	29417.22	2188	0.132	132.51
23-Aug-17	29097.54	2201	0.136	131.07
24-Aug-17	30036.6	2220	0.059	135.3
27-Aug-17	29359.5	2232	0.073	132.25
28-Aug-17	28154.04	2240	0.081	126.82
29-Aug-17	29765.76	2261	0.064	134.08
30-Aug-17	30247.5	2270	0.204	136.25
31-Aug-17	30742.56	2280	0.098	138.48
4-Sep-17	32003.52	2282	0.063	144.16
5-Sep-17	30360.72	2290	0.136	136.76
6-Sep-17	29972.22	4001	0.148	135.01
7-Sep-17	29252.94	4003	0.074	131.77
10-Sep-17	30349.62	4005	0.077	136.71
11-Sep-17	30078.78	4007	0.109	135.49
12-Sep-17	30380.7	4009	0.144	136.85
13-Sep-17	30458.4	4011	0.215	137.2
14-Sep-17	30815.82	4012	0.089	138.81
17-Sep-17	30727.02	4013	0.085	138.41
18-Sep-17	31284.24	4015	0.102	140.92
19-Sep-17	31250.94	4017	0.142	140.77
20-Sep-17	31148.82	4019	0.084	140.31
21-Sep-17	32001.3	4021	0.118	144.15
24-Sep-17	32918.16	4023	0.172	148.28
25-Sep-17	34005.96	4025	0.095	153.18
26-Sep-17	33914.94	4027	0.242	152.77
27-Sep-17	34299	5001	0.143	154.5
28-Sep-17	34070.34	5003	0.091	153.47
1-Oct-17	34707.48	5005	0.082	156.34
2-Oct-17	35175.9	5007	0.053	158.45
3-Oct-17	35058.24	5009	0.064	157.92
4-Oct-17	34685.28	5011	0.078	156.24
5-Oct-17	35841.9	5013	0.062	161.45
8-Oct-17	37276.02	5015	0.043	167.91
9-Oct-17	37264.92	5017	0.096	167.86
10-Oct-17	37027.38	5019	0.063	166.79
11-Oct-17	36015.06	5021	0.104	162.23
12-Oct-17	37129.5	5023	0.059	167.25
15-Oct-17	37069.56	5025	0.06	166.98
16-Oct-17	37646.76	5027	0.081	169.58
17-Oct-17	38350.5	5029	0.065	172.75
18-Oct-17	38517	5031	0.059	173.5
19-Oct-17	37833.24	5033	0.066	170.42
22-Oct-17	38707.92	5035	0.099	174.36
23-Oct-17	41327.52	5037	0.071	186.16
24-Oct-17	41276.46	5039	0.076	185.93
25-Oct-17	40577.16	5041	0.099	182.78
26-Oct-17	41003.4	5043	0.091	184.7
29-Oct-17	41089.98	5045	0.06	185.09
30-Oct-17	41514	5047	0.059	187
31-Oct-17	42168.9	5049	0.061	189.95
1-Nov-17	41611.68	5051	0.066	187.44
2-Nov-17	41707.14	5053	0.057	187.87
5-Nov-17	41331.96	5055	0.082	186.18
6-Nov-17	42577.38	5057	0.086	191.79
7-Nov-17	41358.6	5059	0.073	186.3
8-Nov-17	38954.34	5061	0.072	175.47
9-Nov-17	36712.14	5063	0.078	165.37
12-Nov-17	34134.72	5065	0.077	153.76
13-Nov-17	37731.12	5067	0.092	169.96
14-Nov-17	36876.42	5069	0.092	166.11
15-Nov-17	36474.6	5071	0.061	164.3
16-Nov-17	36938.58	5073	0.086	166.39
19-Nov-17	36396.9	5075	0.079	163.95
20-Nov-17	37484.7	5077	0.082	168.85
21-Nov-17	37398.12	5079	0.082	168.46
23-Nov-17	38081.88	5081	0.056	171.54
26-Nov-17	38303.88	5083	0.077	172.54
27-Nov-17	38807.82	5085	0.052	174.81
28-Nov-17	40008.84	5087	0.053	180.22
29-Nov-17	40912.38	5089	0.112	184.29
30-Nov-17	40452.84	5091	0.045	182.22
3-Dec-17	39706.92	5093	0.113	178.86
4-Dec-17	39917.82	5095	0.074	179.81
5-Dec-17	41181	5097	0.058	185.5
6-Dec-17	42168.9	5099	0.087	189.95
7-Dec-17	43134.6	5101	0.062	194.3
10-Dec-17	43114.62	5103	0.071	194.21
11-Dec-17	41855.88	5105	0.056	188.54
12-Dec-17	42370.92	5107	0.088	190.86
13-Dec-17	42586.26	5109	0.063	191.83
14-Dec-17	42266.58	5111	0.075	190.39
17-Dec-17	40936.8	5113	0.064	184.4
18-Dec-17	40621.56	5115	0.062	182.98
19-Dec-17	40652.64	5117	0.067	183.12
20-Dec-17	41560.62	5119	0.06	187.21
21-Dec-17	43048.02	5121	0.073	193.91
24-Dec-17	44133.6	5123	0.094	198.8
26-Dec-17	44166.9	5125	0.058	198.95
27-Dec-17	44082.54	5127	0.063	198.57
28-Dec-17	44362.26	5129	0.059	199.83
31-Dec-17	43973.76	5131	0.062	198.08
2-Jan-18	43254.48	5133	0.051	194.84
3-Jan-18	43274.46	5135	0.078	194.93
4-Jan-18	39971.1	5137	0.066	180.05
7-Jan-18	39436.08	5139	0.095	177.64
8-Jan-18	38017.5	5141	0.091	171.25
9-Jan-18	39826.8	5143	0.05	179.4
10-Jan-18	39520.44	5145	0.067	178.02
11-Jan-18	38337.18	5147	0.091	172.69
14-Jan-18	39689.16	5149	0.064	178.78
15-Jan-18	37526.88	6001	0.113	169.04
16-Jan-18	35440.08	6003	0.152	159.64
17-Jan-18	35717.58	6005	0.121	160.89
18-Jan-18	35821.92	6007	0.122	161.36
22-Jan-18	34552.08	6009	0.143	155.64
23-Jan-18	30873.54	6011	0.145	139.07
24-Jan-18	30103.2	6013	0.112	135.6
25-Jan-18	28862.22	6015	0.119	130.01
28-Jan-18	28862.22	6017	0.112	130.01
29-Jan-18	29201.88	6019	0.141	131.54
30-Jan-18	29343.96	6021	0.138	132.18
31-Jan-18	30049.92	6023	0.103	135.36
1-Feb-18	29692.5	6025	0.301	133.75
4-Feb-18	29226.3	6027	0.095	131.65
5-Feb-18	28717.92	6029	0.139	129.36
6-Feb-18	27084	6031	0.139	122
7-Feb-18	26915.28	6033	0.147	121.24
8-Feb-18	27856.56	6035	0.118	125.48
11-Feb-18	28737.9	6037	0.127	129.45
12-Feb-18	27718.92	6039	0.123	124.86
13-Feb-18	28726.8	6041	0.08	129.4
14-Feb-18	28296.12	6043	0.088	127.46
15-Feb-18	27667.86	6045	0.101	124.63
19-Feb-18	27123.96	6047	0.157	122.18
20-Feb-18	27488.04	6049	0.111	123.82
21-Feb-18	26981.88	6051	0.103	121.54
22-Feb-18	26520.12	6053	0.1	119.46
25-Feb-18	26582.28	6055	0.087	119.74
26-Feb-18	26451.3	6057	0.109	119.15
27-Feb-18	27297.12	6059	0.094	122.96
28-Feb-18	28840.02	6061	0.113	129.91
29-Feb-18	27754.44	6063	0.139	125.02
3-Mar-18	27024.06	6065	0.147	121.73
4-Mar-18	27665.64	6067	0.122	124.62
5-Mar-18	27636.78	6069	0.125	124.49
6-Mar-18	26846.46	6071	0.136	120.93
7-Mar-18	27139.5	6073	0.102	122.25
10-Mar-18	26571.18	6075	0.097	119.69
11-Mar-18	28271.7	6077	0.155	127.35
12-Mar-18	27978.66	6079	0.09	126.03
13-Mar-18	28402.68	6081	0.09	127.94
14-Mar-18	28107.42	6083	0.085	126.61
17-Mar-18	28134.06	6085	0.118	126.73
18-Mar-18	29486.04	6087	0.102	132.82
19-Mar-18	28786.74	6089	0.147	129.67
20-Mar-18	29585.94	6091	0.137	133.27
24-Mar-18	30975.66	6093	0.135	139.53
25-Mar-18	31297.56	6095	0.115	140.98
26-Mar-18	32203.32	6097	0.099	145.06
27-Mar-18	31135.5	6099	0.153	140.25
28-Mar-18	31748.22	6101	0.151	143.01
31-Mar-18	31857	6103	0.137	143.5
1-Apr-18	33195.66	6105	0.159	149.53
2-Apr-18	32742.78	6107	0.149	147.49
3-Apr-18	33657.42	6109	0.127	151.61
4-Apr-18	33983.76	6111	0.11	153.08
7-Apr-18	34607.58	6113	0.109	155.89
8-Apr-18	33930.48	6115	0.178	152.84
9-Apr-18	33619.68	8001	0.081	151.44
10-Apr-18	34310.1	8003	0.055	154.55
11-Apr-18	32665.08	8005	0.069	147.14
14-Apr-18	32807.16	8007	0.062	147.78
15-Apr-18	32940.36	8009	0.034	148.38
16-Apr-18	34121.4	8011	0.05	153.7
17-Apr-18	34296.78	8013	0.055	154.49
18-Apr-18	35750.88	8014	0.066	161.04
21-Apr-18	37331.52	8015	0.051	168.16
22-Apr-18	35564.4	8017	0.02	160.2
23-Apr-18	36161.58	8019	0.07	162.89
24-Apr-18	37504.68	8021	0.051	168.94
25-Apr-18	37680.06	8023	0.084	169.73
28-Apr-18	38237.28	8025	0.076	172.24
29-Apr-18	38861.1	8027	0.052	175.05
30-Apr-18	38616.9	8029	0.066	173.95
1-May-18	39960	8031	0.077	180
2-May-18	40168.68	8033	0.132	180.94
5-May-18	41010.06	8035	0.059	184.73
6-May-18	41438.52	8037	0.062	186.66
7-May-18	40534.98	8039	0.06	182.59
8-May-18	41083.32	8041	0.072	185.06
9-May-18	40725.9	8043	0.077	183.45
12-May-18	41771.52	8045	0.058	188.16
13-May-18	42171.12	8047	0.06	189.96
14-May-18	41349.72	8049	0.058	186.26
15-May-18	42120.06	8051	0.044	189.73
16-May-18	41651.64	8053	0.022	187.62
19-May-18	40759.2	8055	0.072	183.6
20-May-18	41269.8	8057	0.033	185.9
21-May-18	39558.18	8059	0.067	178.19
22-May-18	39305.1	8061	0.028	177.05
23-May-18	40219.74	8063	0.029	181.17
27-May-18	41387.46	8065	0.071	186.43
28-May-18	41516.22	8067	0.047	187.01
29-May-18	41445.18	8069	0.056	186.69
30-May-18	41902.5	8071	0.07	188.75
2-Jun-18	41314.2	8073	0.037	186.1
3-Jun-18	41152.14	8075	0.046	185.37
4-Jun-18	41112.18	8077	0.082	185.19
5-Jun-18	42053.46	8079	0.053	189.43
6-Jun-18	41212.08	8081	0.056	185.64
9-Jun-18	40317.42	8083	0.063	181.61
10-Jun-18	41212.08	8085	0.069	185.64
11-Jun-18	40139.82	8087	0.049	180.81
12-Jun-18	38463.72	8089	0.058	173.26
13-Jun-18	38266.14	8091	0.041	172.37
16-Jun-18	39258.48	8093	0.061	176.84
17-Jun-18	40277.46	8095	0.026	181.43
18-Jun-18	39682.5	8097	0.05	178.75
19-Jun-18	40159.8	8099	0.05	180.9
20-Jun-18	38909.94	8101	0.075	175.27
23-Jun-18	38441.52	8103	0.039	173.16
24-Jun-18	38461.5	8105	0.048	173.25
25-Jun-18	39380.58	8107	0.06	177.39
26-Jun-18	37353.72	8109	0.078	168.26
27-Jun-18	37759.98	8111	0.053	170.09
30-Jun-18	37171.68	8113	0.042	167.44
1-Jul-18	38778.96	8115	0.033	174.68
2-Jul-18	37335.96	8117	0.058	168.18
3-Jul-18	37766.64	8119	0.067	170.12
7-Jul-18	38885.52	8121	0.032	175.16
8-Jul-18	39860.1	8123	0.075	179.55
9-Jul-18	38683.5	8125	0.026	174.25
10-Jul-18	39211.86	9001	0.078	176.63
11-Jul-18	38312.76	9003	0.088	172.58
14-Jul-18	38601.36	9005	0.079	173.88
15-Jul-18	37660.08	9007	0.067	169.64
16-Jul-18	38363.82	9009	0.089	172.81
17-Jul-18	38141.82	9011	0.076	171.81
18-Jul-18	36663.3	9013	0.067	165.15
21-Jul-18	36916.38	9015	0.09	166.29
22-Jul-18	35968.44	10001	0.079	162.02
23-Jul-18	36909.72	10003	0.086	166.26
24-Jul-18	35304.66	10005	0.073	159.03
25-Jul-18	35990.64	11001	0.117	162.12
28-Jul-18	34276.8	12001	0.071	154.4
29-Jul-18	34871.76	12003	0.114	157.08
30-Jul-18	35493.36	12005	0.089	159.88
31-Jul-18	35286.9	12007	0.083	158.95
1-Aug-18	34778.52	12009	0.111	156.66
4-Aug-18	34017.06	12011	0.098	153.23
5-Aug-18	35662.08	12013	0.082	160.64
6-Aug-18	36450.18	12015	0.127	164.19
7-Aug-18	36312.54	12017	0.121	163.57
8-Aug-18	37640.1	12019	0.098	169.55
11-Aug-18	38530.32	12021	0.131	173.56
12-Aug-18	39234.06	12023	0.09	176.73
13-Aug-18	39804.6	12027	0.117	179.3
14-Aug-18	39809.04	12029	0.123	179.32
15-Aug-18	39014.28	12031	0.112	175.74
18-Aug-18	38936.58	12033	0.098	175.39
19-Aug-18	38523.66	12035	0.162	173.53
20-Aug-18	39036.48	12037	0.071	175.84
21-Aug-18	38692.38	12039	0.096	174.29
22-Aug-18	39247.38	12041	0.1	176.79
25-Aug-18	38306.1	12043	0.1	172.55
26-Aug-18	38548.08	12045	0.098	173.64
27-Aug-18	38776.74	12047	0.113	174.67
28-Aug-18	38570.28	12049	0.126	173.74
29-Aug-18	37635.66	12051	0.168	169.53
2-Sep-18	36894.18	12053	0.138	166.19
3-Sep-18	37065.12	12055	0.116	166.96
4-Sep-18	35790.84	12057	0.115	161.22
5-Sep-18	35559.96	12059	0.072	160.18
8-Sep-18	35058.24	12061	0.152	157.92
9-Sep-18	33672.96	12063	0.072	151.68
10-Sep-18	33657.42	12065	0.085	151.61
11-Sep-18	33888.3	12067	0.072	152.65
12-Sep-18	33064.68	12069	0.123	148.94
15-Sep-18	31159.92	12071	0.139	140.36
16-Sep-18	31053.36	12073	0.072	139.88
17-Sep-18	28378.26	12075	0.121	127.83
18-Sep-18	29767.98	12077	0.053	134.09
19-Sep-18	31282.02	12079	0.117	140.91
22-Sep-18	29093.1	12081	0.127	131.05
23-Sep-18	28158.48	12083	0.133	126.84
24-Sep-18	28573.62	12085	0.119	128.71
25-Sep-18	29288.46	12086	0.113	131.93
26-Sep-18	28469.28	12087	0.07	128.24
29-Sep-18	23367.72	12089	0.107	105.26
30-Sep-18	25232.52	12091	0.072	113.66
1-Oct-18	24224.64	12093	0.133	109.12
2-Oct-18	22222.2	12095	0.114	100.1
3-Oct-18	21549.54	12097	0.128	97.07
6-Oct-18	21787.08	12099	0.117	98.14
7-Oct-18	19793.52	12101	0.125	89.16
8-Oct-18	19933.38	12103	0.112	89.79
9-Oct-18	19700.28	12105	0.127	88.74
10-Oct-18	21489.6	12107	0.122	96.8
13-Oct-18	24477.72	12109	0.09	110.26
14-Oct-18	23105.76	12111	0.153	104.08
15-Oct-18	21744.9	12113	0.094	97.95
16-Oct-18	22619.58	12115	0.123	101.89
17-Oct-18	21622.8	12117	0.106	97.4
20-Oct-18	21853.68	12119	0.09	98.44
21-Oct-18	20310.78	12121	0.098	91.49
22-Oct-18	21505.14	12123	0.104	96.87
23-Oct-18	21807.06	12125	0.084	98.23
24-Oct-18	21396.36	12127	0.117	96.38
27-Oct-18	20443.98	12129	0.072	92.09
28-Oct-18	22180.02	12131	0.068	99.91
29-Oct-18	23210.1	12133	0.096	104.55
30-Oct-18	24650.88	13001	0.097	111.04
31-Oct-18	23884.98	13003	0.126	107.59
3-Nov-18	23745.12	13005	0.085	106.96
4-Nov-18	24639.78	13007	0.091	110.99
5-Nov-18	22932.6	13009	0.116	103.3
6-Nov-18	22000.2	13011	0.067	99.1
7-Nov-18	21809.28	13013	0.111	98.24
10-Nov-18	21285.36	13015	0.133	95.88
11-Nov-18	21038.94	13017	0.153	94.77
12-Nov-18	20006.64	13019	0.124	90.12
13-Nov-18	21409.68	13021	0.1	96.44
14-Nov-18	20033.28	13023	0.097	90.24
17-Nov-18	19567.08	13025	0.116	88.14
18-Nov-18	19960.02	13027	0.087	89.91
19-Nov-18	19156.38	13029	0.081	86.29
20-Nov-18	17868.78	13031	0.09	80.49
21-Nov-18	18332.76	13033	0.122	82.58
24-Nov-18	20634.9	13035	0.127	92.95
25-Nov-18	20157.6	13037	0.111	90.8
26-Nov-18	21090	13039	0.091	95
27-Nov-18	21090	13043	0.093	95
28-Nov-18	20572.74	13045	0.108	92.67
1-Dec-18	19742.46	13047	0.08	88.93
2-Dec-18	20528.34	13049	0.106	92.47
3-Dec-18	21289.8	13051	0.085	95.9
4-Dec-18	20293.02	13053	0.146	91.41
5-Dec-18	20868	13055	0.114	94
8-Dec-18	22137.84	13057	0.095	99.72
9-Dec-18	22213.32	13059	0.07	100.06
10-Dec-18	21802.62	13061	0.082	98.21
11-Dec-18	21090	13063	0.123	95
12-Dec-18	21815.94	13065	0.11	98.27
15-Dec-18	21034.5	13067	0.096	94.75
16-Dec-18	21185.46	13069	0.168	95.43
17-Dec-18	19793.52	13071	0.09	89.16
18-Dec-18	19853.46	13073	0.07	89.43
19-Dec-18	19980	13075	0.119	90
22-Dec-18	19034.28	13077	0.1	85.74
23-Dec-18	19176.36	13079	0.095	86.38
24-Dec-18	18878.88	13081	0.121	85.04
25-Dec-18	18878.88	13083	0.09	85.04
26-Dec-18	19049.82	13085	0.101	85.81
29-Dec-18	19227.42	13087	0.127	86.61
30-Dec-18	19156.38	13089	0.107	86.29
31-Dec-18	18947.7	13091	0.112	85.35
1-Jan-19	18947.7	13093	0.101	85.35
2-Jan-19	20146.5	13095	0.111	90.75
5-Jan-19	20996.76	13097	0.114	94.58
6-Jan-19	20650.44	13099	0.105	93.02
7-Jan-19	20204.22	13101	0.067	91.01
8-Jan-19	20579.4	13103	0.079	92.7
9-Jan-19	20108.76	13105	0.122	90.58
12-Jan-19	19682.52	13107	0.103	88.66
13-Jan-19	19471.62	13109	0.089	87.71
14-Jan-19	18943.26	13111	0.1	85.33
15-Jan-19	18510.36	13113	0.084	83.38
16-Jan-19	18277.26	13115	0.111	82.33
20-Jan-19	17360.4	13117	0.086	78.2
21-Jan-19	18388.26	13119	0.118	82.83
22-Jan-19	19615.92	13121	0.107	88.36
23-Jan-19	19615.92	13123	0.098	88.36
26-Jan-19	19900.08	13125	0.111	89.64
27-Jan-19	20142.06	13127	0.082	90.73
28-Jan-19	20912.4	13129	0.131	94.2
29-Jan-19	20646	13131	0.098	93
30-Jan-19	20008.86	13133	0.111	90.13
2-Feb-19	20315.22	13135	0.094	91.51
3-Feb-19	20641.56	13137	0.094	92.98
4-Feb-19	20768.1	13139	0.091	93.55
5-Feb-19	21414.12	13141	0.177	96.46
6-Feb-19	22137.84	13143	0.113	99.72
9-Feb-19	22757.22	13145	0.072	102.51
10-Feb-19	21718.26	13147	0.138	97.83
11-Feb-19	21494.04	13149	0.124	96.82
12-Feb-19	22037.94	13151	0.104	99.27
13-Feb-19	22013.52	13153	0.073	99.16
17-Feb-19	20985.66	13155	0.145	94.53
18-Feb-19	20950.14	13157	0.109	94.37
19-Feb-19	20122.08	13159	0.127	90.64
20-Feb-19	20246.4	13161	0.135	91.2
23-Feb-19	19302.9	13163	0.149	86.95
24-Feb-19	20035.5	13165	0.196	90.25
25-Feb-19	20237.52	13167	0.119	91.16
26-Feb-19	19800.18	13169	0.086	89.19
27-Feb-19	19826.82	13171	0.153	89.31
2-Mar-19	19522.68	13173	0.084	87.94
3-Mar-19	19618.14	13175	0.108	88.37
4-Mar-19	20239.74	13177	0.079	91.17
5-Mar-19	19722.48	13179	0.085	88.84
6-Mar-19	18936.6	13181	0.103	85.3
9-Mar-19	18450.42	13183	0.059	83.11
10-Mar-19	19675.86	13185	0.082	88.63
11-Mar-19	20574.96	13187	0.111	92.68
12-Mar-19	21389.7	13189	0.121	96.35
13-Mar-19	21296.46	13191	0.096	95.93
16-Mar-19	21183.24	13193	0.13	95.42
17-Mar-19	22124.52	13195	0.083	99.66
18-Mar-19	22537.44	13197	0.099	101.52
19-Mar-19	22559.64	13199	0.132	101.62
20-Mar-19	22552.98	13201	0.087	101.59
23-Mar-19	23900.52	13205	0.104	107.66
24-Mar-19	23643	13207	0.102	106.5
25-Mar-19	23640.78	13209	0.085	106.49
26-Mar-19	24391.14	13211	0.098	109.87
27-Mar-19	23720.7	13213	0.123	106.85
30-Mar-19	23196.78	13215	0.092	104.49
31-Mar-19	467336.64	13217	0.126	2105.12
1-Apr-19	468129.18	13219	0.062	2108.69
2-Apr-19	469021.62	13221	0.082	2112.71
3-Apr-19	469749.78	13223	0.107	2115.99
6-Apr-19	26295.9	13225	0.102	118.45
7-Apr-19	25530	13227	0.108	115
8-Apr-19	25823.04	13229	0.093	116.32
9-Apr-19	470544.54	13231	0.118	2119.57
10-Apr-19	26544.54	13233	0.108	119.57
13-Apr-19	26688.84	13235	0.071	120.22
14-Apr-19	26264.82	13237	0.104	118.31
15-Apr-19	26116.08	13239	0.118	117.64
16-Apr-19	26961.9	13241	0.104	121.45
17-Apr-19	27399.24	13243	0.13	123.42
20-Apr-19	26751	13245	0.103	120.5
21-Apr-19	27030.72	13247	0.12	121.76
22-Apr-19	26975.22	13249	0.138	121.51
23-Apr-19	27838.8	13251	0.137	125.4
24-Apr-19	27505.8	13253	0.107	123.9
27-Apr-19	27690.06	13255	0.154	124.73
28-Apr-19	27505.8	13257	0.107	123.9
29-Apr-19	27781.08	13259	0.107	125.14
30-Apr-19	27934.26	13261	0.129	125.83
1-May-19	472247.28	13263	0.098	2127.24
4-May-19	29319.54	13265	0.124	132.07
5-May-19	29461.62	13267	0.087	132.71
6-May-19	29415	13269	0.13	132.5
7-May-19	28651.32	13271	0.162	129.06
8-May-19	28680.18	13273	0.116	129.19
11-May-19	28764.54	13275	0.093	129.57
12-May-19	27621.24	13277	0.106	124.42
13-May-19	26526.78	13279	0.098	119.49
14-May-19	27294.9	13281	0.078	122.95
15-May-19	27177.24	13283	0.119	122.42
18-May-19	28116.3	13285	0.129	126.65
19-May-19	472293.9	13287	0.13	2127.45
20-May-19	27943.14	13289	0.114	125.87
21-May-19	27567.96	13291	0.09	124.18
22-May-19	27195	13293	0.133	122.5
26-May-19	29033.16	13295	0.096	130.78
27-May-19	29537.1	13297	0.11	133.05
28-May-19	29985.54	13299	0.107	135.07
29-May-19	30149.82	13301	0.188	135.81
1-Jun-19	30935.7	13303	0.14	139.35
2-Jun-19	30966.78	13305	0.117	139.49
3-Jun-19	31290.9	13307	0.091	140.95
4-Jun-19	31910.28	13309	0.091	143.74
5-Jun-19	476116.74	13311	0.095	2144.67
8-Jun-19	31934.7	13313	0.125	143.85
9-Jun-19	31683.84	13315	0.116	142.72
10-Jun-19	31135.5	13317	0.117	140.25
11-Jun-19	31068.9	13319	0.107	139.95
12-Jun-19	30407.34	13321	0.108	136.97
15-Jun-19	30211.98	15001	0.108	136.09
16-Jun-19	30269.7	15003	0.063	136.35
17-Jun-19	30098.76	15007	0.096	135.58
18-Jun-19	30165.36	15009	0.097	135.88
19-Jun-19	30964.56	16001	0.091	139.48
22-Jun-19	30496.14	16003	0.121	137.37
23-Jun-19	29750.22	16005	0.084	134.01
24-Jun-19	474240.84	16007	0.052	2136.22
25-Jun-19	31048.92	16009	0.121	139.86
26-Jun-19	31621.68	16011	0.059	142.44
29-Jun-19	31517.34	16013	0.077	141.97
30-Jun-19	31619.46	16015	0.071	142.43
1-Jul-19	31708.26	16017	0.095	142.83
2-Jul-19	31084.44	16019	0.059	140.02
3-Jul-19	31084.44	16021	0.12	140.02
6-Jul-19	30771.42	16023	0.045	138.61
7-Jul-19	30058.8	16025	0.11	135.4
8-Jul-19	30462.84	16027	0.106	137.22
9-Jul-19	30271.92	16029	0.06	136.36
10-Jul-19	30751.44	16031	0.059	138.52
13-Jul-19	31599.48	16033	0.041	142.34
14-Jul-19	31583.94	16035	0.118	142.27
15-Jul-19	32607.36	16037	0.039	146.88
16-Jul-19	476749.44	16039	0.077	2147.52
17-Jul-19	33688.5	16041	0.04	151.75
20-Jul-19	33946.02	16043	0.066	152.91
21-Jul-19	33635.22	16045	0.104	151.51
22-Jul-19	34796.28	16047	0.055	156.74
23-Jul-19	35036.04	16049	0.083	157.82
24-Jul-19	35517.78	16051	0.068	159.99
27-Jul-19	35542.2	16053	0.059	160.1
28-Jul-19	35520	16055	0.087	160
29-Jul-19	35526.66	16057	0.059	160.03
30-Jul-19	36139.38	16059	0.065	162.79
31-Jul-19	36272.58	16061	0.052	163.39
3-Aug-19	36947.46	16063	0.097	166.43
4-Aug-19	36752.1	16065	0.055	165.55
5-Aug-19	480654.42	16067	0.06	2165.11
6-Aug-19	36388.02	16069	0.055	163.91
7-Aug-19	36743.22	16071	0.05	165.51
10-Aug-19	36567.84	16073	0.041	164.72
12-Aug-19	36698.82	16075	0.077	165.31
13-Aug-19	37389.24	16077	0.067	168.42
14-Aug-19	37025.16	16079	0.119	166.78
17-Aug-19	35428.98	16081	0.051	159.59
18-Aug-19	36408	16083	0.068	164
19-Aug-19	36541.2	16085	0.114	164.6
20-Aug-19	480925.26	16087	0.084	2166.33
21-Aug-19	37566.84	17001	0.079	169.22
24-Aug-19	37531.32	17003	0.112	169.06
25-Aug-19	37606.8	17005	0.093	169.4
26-Aug-19	37165.02	17007	0.138	167.41
27-Aug-19	37617.9	17009	0.045	169.45
28-Aug-19	37751.1	17011	0.109	170.05
31-Aug-19	37342.62	17013	0.095	168.21
1-Sep-19	36696.6	17015	0.105	165.3
2-Sep-19	36669.96	17017	0.073	165.18
3-Sep-19	36974.1	17019	0.082	166.55
4-Sep-19	37808.82	17021	0.099	170.31
8-Sep-19	38390.46	17023	0.131	172.93
9-Sep-19	37993.08	17025	0.114	171.14
10-Sep-19	38308.32	17027	0.079	172.56
11-Sep-19	38219.52	17029	0.091	172.16
14-Sep-19	38565.84	17031	0.106	173.72
15-Sep-19	38885.52	17033	0.105	175.16
16-Sep-19	40375.14	17035	0.097	181.87
17-Sep-19	40970.1	17037	0.092	184.55
18-Sep-19	41074.44	17039	0.092	185.02
21-Sep-19	40852.44	17041	0.091	184.02
22-Sep-19	40954.56	17043	0.086	184.48
23-Sep-19	41181	17045	0.107	185.5
24-Sep-19	40808.04	17047	0.091	183.82
25-Sep-19	40486.14	17049	0.079	182.37
28-Sep-19	41325.3	17051	0.116	186.15
29-Sep-19	41154.36	17053	0.104	185.38
30-Sep-19	41147.7	17055	0.146	185.35
1-Oct-19	40150.92	17057	0.125	180.86
2-Oct-19	41047.8	17059	0.11	184.9
5-Oct-19	41296.44	17061	0.092	186.02
6-Oct-19	42182.22	17063	0.114	190.01
7-Oct-19	42235.5	17065	0.093	190.25
8-Oct-19	42017.94	17067	0.113	189.27
9-Oct-19	42284.34	17069	0.128	190.47
12-Oct-19	42359.82	17071	0.094	190.81
13-Oct-19	42184.44	17073	0.086	190.02
14-Oct-19	42466.38	17075	0.1	191.29
15-Oct-19	42304.32	17077	0.073	190.56
16-Oct-19	41747.1	17079	0.095	188.05
19-Oct-19	42148.92	17081	0.1	189.86
20-Oct-19	44124.72	17083	0.088	198.76
21-Oct-19	45492.24	17085	0.081	204.92
22-Oct-19	45554.4	17087	0.104	205.2
23-Oct-19	45274.68	17089	0.099	203.94
26-Oct-19	44950.56	17091	0.128	202.48
27-Oct-19	43816.14	17093	0.104	197.37
28-Oct-19	42712.8	17095	0.103	192.4
29-Oct-19	43589.7	17097	0.1	196.35
30-Oct-19	41847	17099	0.124	188.5
2-Nov-19	42026.82	17101	0.103	189.31
3-Nov-19	41902.5	17103	0.109	188.75
4-Nov-19	42359.82	17105	0.107	190.81
5-Nov-19	43074.66	17107	0.095	194.03
6-Nov-19	43143.48	17109	0.077	194.34
9-Nov-19	44724.12	17111	0.093	201.46
10-Nov-19	45061.56	17113	0.074	202.98
11-Nov-19	45121.5	17115	0.124	203.25
12-Nov-19	44841.78	17117	0.105	201.99
13-Nov-19	45387.9	17119	0.097	204.45
16-Nov-19	45871.86	17121	0.119	206.63
17-Nov-19	45954	17123	0.106	207
18-Nov-19	45723.12	17125	0.143	205.96
19-Nov-19	44513.22	17127	0.08	200.51
20-Nov-19	44382.24	17129	0.078	199.92
23-Nov-19	45705.36	17131	0.089	205.88
24-Nov-19	45385.68	17133	0.078	204.44
25-Nov-19	45330.18	17135	0.122	204.19
26-Nov-19	45330.18	17137	0.084	204.19
27-Nov-19	44530.98	17139	0.09	200.59
30-Nov-19	44380.02	17141	0.119	199.91
1-Dec-19	43727.34	17143	0.116	196.97
2-Dec-19	43563.06	17145	0.119	196.23
3-Dec-19	43618.56	17147	0.082	196.48
4-Dec-19	42917.04	17149	0.081	193.32
7-Dec-19	41946.9	17151	0.106	188.95
8-Dec-19	42151.14	17153	0.119	189.87
9-Dec-19	43911.6	17155	0.15	197.8
10-Dec-19	43607.46	17157	0.094	196.43
11-Dec-19	43216.74	17159	0.105	194.67
14-Dec-19	43729.56	17161	0.095	196.98
15-Dec-19	43105.74	17163	0.108	194.17
16-Dec-19	43296.66	17165	0.112	195.03
17-Dec-19	42592.92	17167	0.079	191.86
18-Dec-19	43385.46	17169	0.066	195.43
21-Dec-19	44007.06	17171	0.075	198.23
22-Dec-19	44479.92	17173	0.1	200.36
23-Dec-19	44866.2	17175	0.098	202.1
24-Dec-19	46406.88	17177	0.116	209.04
25-Dec-19	46406.88	17179	0.113	209.04
28-Dec-19	46977.42	17181	0.108	211.61
29-Dec-19	46420.2	17183	0.12	209.1
30-Dec-19	46984.08	17185	0.103	211.64
31-Dec-19	46782.06	17187	0.08	210.73
1-Jan-20	46782.06	17189	0.08	210.73
4-Jan-20	47510.22	17191	0.097	214.01
5-Jan-20	47592.36	17193	0.086	214.38
6-Jan-20	46835.34	17195	0.106	210.97
7-Jan-20	46748.76	17197	0.099	210.58
8-Jan-20	47059.56	17199	0.096	211.98
11-Jan-20	46644.42	17201	0.155	210.11
12-Jan-20	46113.84	17203	0.086	207.72
13-Jan-20	46764.3	18001	0.134	210.65
14-Jan-20	46493.46	18003	0.093	209.43
15-Jan-20	45716.46	18005	0.088	205.93
18-Jan-20	45716.46	18007	0.09	205.93
19-Jan-20	47738.88	18009	0.133	215.04
20-Jan-20	47001.84	18011	0.068	211.72
21-Jan-20	46191.54	18013	0.078	208.07
22-Jan-20	43900.5	18015	0.099	197.75
25-Jan-20	45083.76	18017	0.105	203.08
26-Jan-20	45718.68	18019	0.082	205.94
27-Jan-20	46149.36	18021	0.096	207.88
28-Jan-20	44242.38	18023	0.092	199.29
29-Jan-20	42637.32	18025	0.105	192.06
1-Feb-20	43230.06	18027	0.049	194.73
2-Feb-20	43480.92	18029	0.089	195.86
3-Feb-20	44229.06	18031	0.11	199.23
4-Feb-20	42635.1	18033	0.124	192.05
5-Feb-20	43392.12	18035	0.095	195.46
8-Feb-20	43094.64	18037	0.08	194.12
9-Feb-20	43554.18	18039	0.15	196.19
10-Feb-20	43316.64	18041	0.134	195.12
11-Feb-20	44104.74	18043	0.074	198.67
12-Feb-20	44484.36	18045	0.116	200.38
15-Feb-20	44484.36	18047	0.089	200.38
16-Feb-20	45154.8	18049	0.112	203.4
17-Feb-20	44966.1	18051	0.067	202.55
18-Feb-20	45050.46	18053	0.111	202.93
19-Feb-20	44770.74	18055	0.071	201.67
22-Feb-20	44493.24	18057	0.061	200.42
23-Feb-20	43747.32	18059	0.078	197.06
24-Feb-20	44546.52	18061	0.078	200.66
25-Feb-20	44844	18063	0.068	202
26-Feb-20	45425.64	18065	0.12	204.62
1-Mar-20	46395.78	18067	0.119	208.99
2-Mar-20	46364.7	18069	0.111	208.85
3-Mar-20	46471.26	18071	0.101	209.33
4-Mar-20	46777.62	18073	0.087	210.71
5-Mar-20	48606.9	18075	0.104	218.95
8-Mar-20	48635.76	18077	0.095	219.08
9-Mar-20	49510.44	18079	0.122	223.02
10-Mar-20	49914.48	18081	0.074	224.84
11-Mar-20	50061	18083	0.066	225.5
12-Mar-20	50305.2	18085	0.11	226.6
15-Mar-20	49692.48	18087	0.14	223.84
16-Mar-20	49827.9	18089	0.094	224.45
17-Mar-20	49754.64	18091	0.107	224.12
18-Mar-20	49872.3	18093	0.111	224.65
19-Mar-20	49339.5	18095	0.097	222.25
22-Mar-20	49894.5	18097	0.084	224.75
23-Mar-20	50695.92	18099	0.114	228.36
24-Mar-20	50920.14	18101	0.063	229.37
25-Mar-20	50316.3	18103	0.123	226.65
26-Mar-20	51259.8	18105	0.056	230.9
29-Mar-20	51590.58	18107	0.097	232.39
30-Mar-20	52356.48	18109	0.075	235.84
31-Mar-20	52170	18111	0.089	235
1-Apr-20	52385.34	18113	0.145	235.97
2-Apr-20	52385.34	18115	0.105	235.97
5-Apr-20	52944.78	18117	0.092	238.49
6-Apr-20	53177.88	18119	0.081	239.54
7-Apr-20	53413.2	18121	0.083	240.6
8-Apr-20	53268.9	18123	0.088	239.95
9-Apr-20	53677.38	18125	0.087	241.79
12-Apr-20	53788.38	18127	0.082	242.29
13-Apr-20	53819.46	18129	0.07	242.43
14-Apr-20	54543.18	18131	0.095	245.69
15-Apr-20	55260.24	18133	0.082	248.92
16-Apr-20	54922.8	18135	0.102	247.4
19-Apr-20	54849.54	18137	0.091	247.07
20-Apr-20	54298.98	18139	0.095	244.59
21-Apr-20	57546.84	18141	0.104	259.22
22-Apr-20	59156.34	18143	0.121	266.47
23-Apr-20	60124.26	18145	0.088	270.83
26-Apr-20	59829	18147	0.081	269.5
27-Apr-20	58172.88	18149	0.126	262.04
28-Apr-20	58075.2	18151	0.129	261.6
29-Apr-20	59638.08	18153	0.093	268.64
30-Apr-20	57961.98	18155	0.07	261.09
3-May-20	59129.7	18157	0.085	266.35
4-May-20	57426.96	18159	0.103	258.68
5-May-20	56827.56	18161	0.086	255.98
6-May-20	54667.5	18163	0.074	246.25
7-May-20	52360.92	18165	0.108	235.86
10-May-20	56385.78	18167	0.092	253.99
11-May-20	56947.44	18169	0.12	256.52
12-May-20	58183.98	18171	0.101	262.09
13-May-20	57355.92	18173	0.069	258.36
14-May-20	56348.04	18175	0.112	253.82
17-May-20	56436.84	18177	0.109	254.22
18-May-20	56023.92	18179	0.091	252.36
19-May-20	55131.48	18181	0.094	248.34
20-May-20	52782.72	18183	0.116	237.76
21-May-20	53795.04	19001	0.051	242.32
24-May-20	54780.72	19003	0.06	246.76
25-May-20	54438.84	19005	0.093	245.22
26-May-20	54192.42	19007	0.094	244.11
27-May-20	56243.7	19009	0.051	253.35
28-May-20	57027.36	19011	0.058	256.88
31-May-20	57027.36	19013	0.058	256.88
1-Jun-20	57904.26	19015	0.059	260.83
2-Jun-20	58596.9	19017	0.05	263.95
3-Jun-20	58412.64	19019	0.059	263.12
4-Jun-20	56823.12	19021	0.055	255.96
7-Jun-20	55708.68	19023	0.06	250.94
8-Jun-20	55351.26	19025	0.054	249.33
9-Jun-20	53990.4	19027	0.042	243.2
10-Jun-20	55613.22	19029	0.058	250.51
11-Jun-20	56279.22	19031	0.057	253.51
14-Jun-20	56450.16	19033	0.067	254.28
15-Jun-20	57651.18	19035	0.044	259.69
16-Jun-20	59329.5	19037	0.084	267.25
17-Jun-20	60355.14	19039	0.074	271.87
18-Jun-20	60843.54	19041	0.062	274.07
21-Jun-20	59977.74	19043	0.079	270.17
22-Jun-20	60794.7	19045	0.077	273.85
23-Jun-20	60155.34	19047	0.047	270.97
24-Jun-20	59718	19049	0.051	269
25-Jun-20	59207.4	19051	0.101	266.7
28-Jun-20	59562.6	19053	0.066	268.3
29-Jun-20	56869.74	19055	0.068	256.17
30-Jun-20	55839.66	19057	0.082	251.53
1-Jul-20	55162.56	19059	0.058	248.48
2-Jul-20	54820.68	19061	0.06	246.94
5-Jul-20	54820.68	19063	0.086	246.94
6-Jul-20	55195.86	19065	0.085	248.63
7-Jul-20	57422.52	19067	0.087	258.66
8-Jul-20	57295.98	19069	0.07	258.09
9-Jul-20	57635.64	19071	0.07	259.62
12-Jul-20	57116.16	19073	0.063	257.28
13-Jul-20	55899.6	19075	0.049	251.8
14-Jul-20	56106.06	19077	0.056	252.73
15-Jul-20	55821.9	19079	0.081	251.45
16-Jul-20	55477.8	19081	0.09	249.9
19-Jul-20	54518.76	19083	0.06	245.58
20-Jul-20	55919.58	19085	0.044	251.89
21-Jul-20	56441.28	19087	0.088	254.24
22-Jul-20	57502.44	19089	0.086	259.02
23-Jul-20	57706.68	19091	0.062	259.94
26-Jul-20	57560.16	19093	0.058	259.28
27-Jul-20	58625.76	19095	0.058	264.08
28-Jul-20	57933.12	19097	0.077	260.96
29-Jul-20	57300.42	19099	0.081	258.11
30-Jul-20	57109.5	19101	0.087	257.25
2-Aug-20	58130.7	19103	0.044	261.85
3-Aug-20	58148.46	19105	0.063	261.93
4-Aug-20	58381.56	19107	0.071	262.98
5-Aug-20	58097.4	19109	0.056	261.7
6-Aug-20	57739.98	19111	0.114	260.09
9-Aug-20	58108.5	19113	0.065	261.75
10-Aug-20	57589.02	19115	0.08	259.41
11-Aug-20	55542.18	19117	0.06	250.19
12-Aug-20	55897.38	19119	0.043	251.79
13-Aug-20	55300.2	19121	0.058	249.1
16-Aug-20	54976.08	19123	0.077	247.64
17-Aug-20	55937.34	19125	0.057	251.97
18-Aug-20	56181.54	19127	0.07	253.07
19-Aug-20	55473.36	19129	0.043	249.88
20-Aug-20	55420.08	19131	0.054	249.64
23-Aug-20	54567.6	19133	0.071	245.8
24-Aug-20	53264.46	19135	0.075	239.93
25-Aug-20	53921.58	19137	0.087	242.89
26-Aug-20	53342.16	19139	0.089	240.28
27-Aug-20	53639.64	19141	0.053	241.62
30-Aug-20	53835	19143	0.054	242.5
31-Aug-20	53968.2	19145	0.087	243.1
1-Sep-20	55573.26	19147	0.07	250.33
2-Sep-20	55981.74	19149	0.047	252.17
3-Sep-20	57446.94	19151	0.052	258.77
6-Sep-20	57446.94	19153	0.062	258.77
7-Sep-20	57233.82	19155	0.048	257.81
8-Sep-20	58368.24	19157	0.066	262.92
9-Sep-20	58401.54	19159	0.053	263.07
10-Sep-20	58477.02	19161	0.047	263.41
13-Sep-20	59282.88	19163	0.073	267.04
14-Sep-20	59509.32	19165	0.039	268.06
15-Sep-20	59988.84	19167	0.041	270.22
16-Sep-20	61398.54	19169	0.045	276.57
17-Sep-20	61132.14	19171	0.066	275.37
20-Sep-20	62877.06	19173	0.067	283.23
21-Sep-20	62996.94	19175	0.06	283.77
22-Sep-20	63880.5	19177	0.08	287.75
23-Sep-20	64140.24	19179	0.094	288.92
24-Sep-20	64895.04	19181	0.058	292.32
27-Sep-20	64637.52	19183	0.049	291.16
28-Sep-20	63682.92	19185	0.064	286.86
29-Sep-20	63796.14	19187	0.083	287.37
30-Sep-20	62992.5	19189	0.091	283.75
1-Oct-20	62719.44	19191	0.058	282.52
4-Oct-20	61858.08	19193	0.057	278.64
5-Oct-20	64144.68	19195	0.063	288.94
6-Oct-20	64200.18	19197	0.084	289.19
7-Oct-20	64206.84	20001	0.078	289.22
8-Oct-20	65283.54	20003	0.079	294.07
11-Oct-20	65569.92	20005	0.081	295.36
12-Oct-20	66275.88	20007	0.051	298.54
13-Oct-20	66631.08	20009	0.061	300.14
14-Oct-20	67112.82	20011	0.065	302.31
15-Oct-20	69872.28	20013	0.056	314.74
18-Oct-20	70596	20015	0.072	318
19-Oct-20	68706.78	20017	0.054	309.49
20-Oct-20	68937.66	20019	0.084	310.53
21-Oct-20	68713.44	20021	0.085	309.52
22-Oct-20	68258.34	20023	0.037	307.47
25-Oct-20	68562.48	20025	0.037	308.84
26-Oct-20	68387.1	20027	0.042	308.05
27-Oct-20	68338.26	20029	0.045	307.83
28-Oct-20	67763.28	20031	0.057	305.24
29-Oct-20	66817.56	20033	0.038	300.98
1-Nov-20	67527.96	20035	0.076	304.18
2-Nov-20	68677.92	20037	0.081	309.36
3-Nov-20	69441.6	20039	0.033	312.8
4-Nov-20	70655.94	20041	0.051	318.27
5-Nov-20	70402.86	20043	0.088	317.13
8-Nov-20	70733.64	20045	0.054	318.62
9-Nov-20	70169.76	20047	0.044	316.08
10-Nov-20	70602.66	20049	0.11	318.03
11-Nov-20	70298.52	20051	0.036	316.66
12-Nov-20	68382.66	20053	0.041	308.03
15-Nov-20	68162.88	20055	0.043	307.04
16-Nov-20	66952.98	20057	0.038	301.59
17-Nov-20	66711	20059	0.071	300.5
18-Nov-20	68471.46	20061	0.069	308.43
19-Nov-20	68094.06	20063	0.035	306.73
22-Nov-20	69565.92	20065	0.043	313.36
23-Nov-20	68538.06	20067	0.042	308.73
24-Nov-20	69885.6	20069	0.034	314.8
26-Nov-20	69930	20071	0.045	315
29-Nov-20	70345.14	20073	0.072	316.87
30-Nov-20	69075.3	20075	0.042	311.15
1-Dec-20	70240.8	20077	0.056	316.4
2-Dec-20	70629.3	20079	0.074	318.15
3-Dec-20	70471.68	20081	0.037	317.44
6-Dec-20	71073.3	20083	0.042	320.15
7-Dec-20	70642.62	20085	0.06	318.21
8-Dec-20	71264.22	20087	0.067	321.01
9-Dec-20	70986.72	20089	0.049	319.76
10-Dec-20	71164.32	20091	0.068	320.56
13-Dec-20	71410.74	20093	0.045	321.67
14-Dec-20	71104.38	20095	0.063	320.29
15-Dec-20	71119.92	20097	0.049	320.36
16-Dec-20	71317.5	20099	0.078	321.25
17-Dec-20	71175.42	20101	0.034	320.61
20-Dec-20	71530.62	20103	0.073	322.21
21-Dec-20	71972.4	20105	0.063	324.2
22-Dec-20	72185.52	20107	0.084	325.16
23-Dec-20	71839.2	20109	0.04	323.6
27-Dec-20	72078.96	20111	0.057	324.68
28-Dec-20	72254.34	20113	0.051	325.47
29-Dec-20	72214.38	20115	0.063	325.29
30-Dec-20	71852.52	20117	0.049	323.66
31-Dec-20	71608.32	20119	0.042	322.56
3-Jan-21	73164.54	20121	0.068	329.57
4-Jan-21	73546.38	20123	0.058	331.29
5-Jan-21	74148	20125	0.094	334
6-Jan-21	74088.06	20127	0.068	333.73
7-Jan-21	74618.64	20129	0.047	336.12
10-Jan-21	76026.12	20131	0.043	342.46
11-Jan-21	75844.08	20133	0.07	341.64
12-Jan-21	76461.24	20135	0.04	344.42
13-Jan-21	76740.96	20137	0.047	345.68
14-Jan-21	77362.56	20139	0.07	348.48
18-Jan-21	75624.3	20141	0.044	340.65
19-Jan-21	75222.48	20143	0.065	338.84
20-Jan-21	73854.96	20145	0.037	332.68
21-Jan-21	72531.84	20147	0.06	326.72
24-Jan-21	74913.9	20149	0.041	337.45
25-Jan-21	75790.8	20151	0.053	341.4
26-Jan-21	76334.7	20153	0.035	343.85
27-Jan-21	76192.62	20155	0.063	343.21
28-Jan-21	74614.2	20157	0.041	336.1
31-Jan-21	75329.04	20159	0.051	339.32
1-Feb-21	76596.66	20161	0.032	345.03
2-Feb-21	76439.04	20163	0.073	344.32
3-Feb-21	76243.68	20165	0.059	343.44
4-Feb-21	76923	20167	0.046	346.5
7-Feb-21	78117.36	20169	0.057	351.88
8-Feb-21	78854.4	20171	0.032	355.2
9-Feb-21	79511.52	20173	0.088	358.16
10-Feb-21	78707.88	20175	0.051	354.54
11-Feb-21	79220.7	20177	0.064	356.85
14-Feb-21	79737.96	20179	0.032	359.18
15-Feb-21	79897.8	20181	0.039	359.9
16-Feb-21	80614.86	20183	0.043	363.13
17-Feb-21	79542.6	20185	0.061	358.3
18-Feb-21	77824.32	20187	0.034	350.56
22-Feb-21	75171.42	20189	0.053	338.61
23-Feb-21	76061.64	20191	0.09	342.62
24-Feb-21	76119.36	20193	0.036	342.88
25-Feb-21	77291.52	20195	0.036	348.16
28-Feb-21	78412.62	20197	0.066	353.21
1-Mar-21	77546.82	20199	0.059	349.31
2-Mar-21	78170.64	20201	0.045	352.12
3-Mar-21	79822.32	20203	0.035	359.56
4-Mar-21	79920	20205	0.102	360
7-Mar-21	78889.92	20207	0.089	355.36
8-Mar-21	78978.72	20209	0.104	355.76
9-Mar-21	78248.34	21001	0.101	352.47
10-Mar-21	76960.74	21003	0.143	346.67
11-Mar-21	78141.78	21005	0.109	351.99
14-Mar-21	78490.32	21007	0.102	353.56
15-Mar-21	76685.46	21009	0.116	345.43
16-Mar-21	73262.22	21011	0.133	330.01
17-Mar-21	74290.08	21013	0.125	334.64
18-Mar-21	73408.74	21015	0.092	330.67
21-Mar-21	75324.6	21017	0.091	339.3
22-Mar-21	75746.4	21019	0.083	341.2
23-Mar-21	75300.18	21021	0.11	339.19
24-Mar-21	76583.34	21023	0.102	344.97
25-Mar-21	78041.88	21025	0.1	351.54
28-Mar-21	77797.68	21027	0.121	350.44
29-Mar-21	77913.12	21029	0.108	350.96
30-Mar-21	77395.86	21031	0.137	348.63
31-Mar-21	77369.22	21033	0.109	348.51
1-Apr-21	76492.32	21035	0.08	344.56
4-Apr-21	75744.18	21037	0.107	341.19
5-Apr-21	75233.58	21039	0.091	338.89
6-Apr-21	75044.88	21041	0.124	338.04
7-Apr-21	75053.76	21043	0.135	338.08
8-Apr-21	74383.32	21045	0.102	335.06
11-Apr-21	73437.6	21047	0.129	330.8
12-Apr-21	73792.8	21049	0.114	332.4
13-Apr-21	74620.86	21051	0.135	336.13
14-Apr-21	73797.24	21053	0.09	332.42
15-Apr-21	294696.12	21055	0.108	1327.46
18-Apr-21	295670.7	21057	0.13	1331.85
19-Apr-21	297004.92	21059	0.091	1337.86
20-Apr-21	313555.02	21061	0.128	1412.41
21-Apr-21	255455.4	21063	0.126	1150.7
25-Apr-21	300368.22	21065	0.129	1353.01
26-Apr-21	292023.24	21067	0.077	1315.42
27-Apr-21	299733.3	21069	0.122	1350.15
28-Apr-21	254578.5	21071	0.124	1146.75
29-Apr-21	299728.86	21073	0.091	1350.13
2-May-21	76874.16	21075	0.144	346.28
3-May-21	77300.4	21077	0.111	348.2
4-May-21	77604.54	21079	0.119	349.57
5-May-21	76978.5	21081	0.101	346.75
6-May-21	76958.52	21083	0.103	346.66
9-May-21	77167.2	21085	0.164	347.6
10-May-21	77577.9	21087	0.124	349.45
11-May-21	77085.06	21089	0.098	347.23
12-May-21	76938.54	21091	0.136	346.57
13-May-21	75591	21093	0.1	340.5
16-May-21	73992.6	21095	0.125	333.3
17-May-21	74623.08	21097	0.111	336.14
18-May-21	75451.14	21099	0.106	339.87
19-May-21	75597.66	21101	0.098	340.53
20-May-21	74418.84	21103	0.107	335.22
23-May-21	74236.8	21105	0.092	334.4
24-May-21	73746.18	21107	0.091	332.19
25-May-21	74765.16	21109	0.175	336.78
26-May-21	74370	21111	0.105	335
27-May-21	74905.02	21113	0.088	337.41
31-May-21	77218.26	21115	0.111	347.83
1-Jun-21	76703.22	21117	0.1	345.51
2-Jun-21	76834.2	21119	0.12	346.1
3-Jun-21	76243.68	21121	0.115	343.44
6-Jun-21	75044.88	21123	0.107	338.04
7-Jun-21	73712.88	21125	0.101	332.04
8-Jun-21	73757.28	21127	0.131	332.24
9-Jun-21	73590.78	21129	0.123	331.49
10-Jun-21	72349.8	21131	0.137	325.9
13-Jun-21	72505.2	21133	0.12	326.6
14-Jun-21	73801.68	21135	0.151	332.44
15-Jun-21	72538.5	21137	0.121	326.75
16-Jun-21	72185.52	21139	0.098	325.16
17-Jun-21	71097.72	21141	0.104	320.26
20-Jun-21	70001.04	21143	0.122	315.32
21-Jun-21	72216.6	21145	0.091	325.3
22-Jun-21	71619.42	21147	0.133	322.61
23-Jun-21	73533.06	21149	0.106	331.23
24-Jun-21	72449.7	21151	0.087	326.35
27-Jun-21	73712.88	21153	0.214	332.04
28-Jun-21	74427.72	21155	0.129	335.26
29-Jun-21	74156.88	21157	0.107	334.04
30-Jun-21	74518.74	21159	0.124	335.67
1-Jul-21	76203.72	21161	0.111	343.26
5-Jul-21	77573.46	21163	0.124	349.43
6-Jul-21	78090.72	21165	0.147	351.76
7-Jul-21	79298.4	21167	0.108	357.2
8-Jul-21	79855.62	21169	0.158	359.71
11-Jul-21	78588	21171	0.14	354
12-Jul-21	78532.5	21173	0.126	353.75
13-Jul-21	79480.44	21175	0.145	358.02
14-Jul-21	79424.94	21177	0.107	357.77
15-Jul-21	81012.24	21179	0.115	364.92
18-Jul-21	82983.6	21181	0.125	373.8
19-Jul-21	83660.7	21183	0.094	376.85
20-Jul-21	85891.8	21185	0.086	386.9
21-Jul-21	85978.38	21187	0.101	387.29
22-Jul-21	87312.6	21189	0.112	393.3
25-Jul-21	88467	21191	0.117	398.5
26-Jul-21	89557.02	21193	0.125	403.41
27-Jul-21	87154.98	21195	0.107	392.59
28-Jul-21	86984.04	21197	0.167	391.82
29-Jul-21	86686.56	21199	0.1	390.48
1-Aug-21	88078.5	21201	0.096	396.75
2-Aug-21	86338.02	21203	0.128	388.91
3-Aug-21	87150.54	21205	0.086	392.57
4-Aug-21	83776.14	21207	0.108	377.37
5-Aug-21	82943.64	21209	0.091	373.62
8-Aug-21	78412.62	21211	0.096	353.21
9-Aug-21	83030.22	21213	0.118	374.01
10-Aug-21	80739.18	21215	0.102	363.69
11-Aug-21	82961.4	21217	0.102	373.7
12-Aug-21	83691.78	21219	0.126	376.99
15-Aug-21	85117.02	21221	0.16	383.41
16-Aug-21	84466.56	21223	0.107	380.48
17-Aug-21	84457.68	21225	0.108	380.44
18-Aug-21	81263.1	21227	0.092	366.05
19-Aug-21	50178.66	21229	0.127	226.03
22-Aug-21	50269.68	21231	0.136	226.44
23-Aug-21	49639.2	21233	0.088	223.6
24-Aug-21	72411.96	21235	0.114	326.18
25-Aug-21	49665.84	21237	0.139	223.72
26-Aug-21	49634.76	21239	0.083	223.58
29-Aug-21	86573.34	22001	0.071	389.97
30-Aug-21	86577.78	22003	0.101	389.99
31-Aug-21	85432.26	22005	0.067	384.83
1-Sep-21	84588.66	22007	0.088	381.03
2-Sep-21	83039.1	22009	0.081	374.05
6-Sep-21	84302.28	22011	0.08	379.74
7-Sep-21	85232.46	22013	0.105	383.93
8-Sep-21	85279.08	22015	0.064	384.14
9-Sep-21	83800.56	22017	0.079	377.48
12-Sep-21	84346.68	22019	0.072	379.94
13-Sep-21	85385.64	22021	0.107	384.62
14-Sep-21	86424.6	22023	0.056	389.3
15-Sep-21	87237.12	22025	0.103	392.96
16-Sep-21	88911	22027	0.103	400.5
19-Sep-21	91381.86	22029	0.113	411.63
20-Sep-21	91785.9	22031	0.09	413.45
21-Sep-21	91495.08	22033	0.068	412.14
22-Sep-21	89204.04	22035	0.142	401.82
23-Sep-21	89754.6	22037	0.08	404.3
26-Sep-21	89503.74	22039	0.086	403.17
27-Sep-21	88635.72	22041	0.113	399.26
28-Sep-21	88136.22	22043	0.082	397.01
29-Sep-21	86706.54	22045	0.076	390.57
30-Sep-21	84653.04	22047	0.104	381.32
3-Oct-21	83161.2	22049	0.078	374.6
4-Oct-21	82695	22051	0.065	372.5
5-Oct-21	83971.5	22053	0.064	378.25
6-Oct-21	83776.14	22055	0.059	377.37
7-Oct-21	82095.6	22057	0.049	369.8
10-Oct-21	86315.82	22059	0.073	388.81
11-Oct-21	48904.38	22061	0.078	220.29
12-Oct-21	89286.18	22063	0.07	402.19
13-Oct-21	90671.46	22065	0.093	408.43
14-Oct-21	93684	22067	0.151	422
17-Oct-21	93237.78	22069	0.084	419.99
18-Oct-21	93737.28	22071	0.107	422.24
19-Oct-21	88493.64	22073	0.076	398.62
20-Oct-21	87758.82	22075	0.062	395.31
21-Oct-21	87217.14	22077	0.079	392.87
24-Oct-21	90080.94	22079	0.069	405.77
25-Oct-21	88304.94	22081	0.096	397.77
26-Oct-21	88933.2	22083	0.107	400.6
27-Oct-21	89841.18	22085	0.081	404.69
28-Oct-21	89898.9	22087	0.105	404.95
31-Oct-21	76541.16	22089	0.065	344.78
1-Nov-21	88025.22	22091	0.118	396.51
2-Nov-21	88225.02	22093	0.1	397.41
3-Nov-21	89481.54	22095	0.084	403.07
4-Nov-21	88853.28	22097	0.083	400.24
7-Nov-21	88740.06	22099	0.075	399.73
8-Nov-21	90183.06	22101	0.086	406.23
9-Nov-21	87752.16	22103	0.052	395.28
10-Nov-21	85518.84	22105	0.081	385.22
11-Nov-21	85385.64	22107	0.135	384.62
14-Nov-21	84195.72	22109	0.052	379.26
15-Nov-21	86320.26	22111	0.122	388.83
16-Nov-21	85418.94	22113	0.072	384.77
17-Nov-21	83785.02	22115	0.067	377.41
18-Nov-21	83236.68	22117	0.096	374.94
21-Nov-21	81920.22	22119	0.091	369.01
22-Nov-21	83585.22	22121	0.074	376.51
23-Nov-21	81471.78	22123	0.17	366.99
25-Nov-21	80712.54	22125	0.082	363.57
28-Nov-21	83498.64	22127	0.091	376.12
29-Nov-21	82850.4	23001	0.084	373.2
30-Nov-21	84848.4	23003	0.093	382.2
1-Dec-21	86120.46	23005	0.065	387.93
2-Dec-21	86513.4	23007	0.112	389.7
5-Dec-21	87248.22	23009	0.068	393.01
6-Dec-21	86790.9	23011	0.073	390.95
7-Dec-21	86377.98	23013	0.07	389.09
8-Dec-21	86726.52	23015	0.063	390.66
9-Dec-21	87383.64	23017	0.109	393.62
12-Dec-21	86988.48	23019	0.08	391.84
13-Dec-21	86315.82	23021	0.116	388.81
14-Dec-21	84402.18	23023	0.067	380.19
15-Dec-21	84124.68	23025	0.107	378.94
16-Dec-21	84586.44	23027	0.078	381.02
19-Dec-21	84850.62	23029	0.104	382.21
20-Dec-21	87900.9	23031	0.074	395.95
21-Dec-21	88009.68	24001	0.075	396.44
22-Dec-21	88478.1	24003	0.065	398.55
23-Dec-21	89561.46	24005	0.077	403.43
27-Dec-21	90249.66	24009	0.059	406.53
28-Dec-21	89386.08	24011	0.088	402.64
29-Dec-21	89936.64	24013	0.06	405.12
30-Dec-21	89910	24015	0.086	405
3-Jan-22	91293.06	24017	0.059	411.23
4-Jan-22	91783.68	24019	0.109	413.44
5-Jan-22	92802.66	24021	0.059	418.03
6-Jan-22	93772.8	24023	0.069	422.4
9-Jan-22	93624.06	24025	0.071	421.73
10-Jan-22	93959.28	24027	0.054	423.24
11-Jan-22	93806.1	24029	0.071	422.55
12-Jan-22	93548.58	24031	0.053	421.39
13-Jan-22	93197.82	24033	0.073	419.81
17-Jan-22	94283.4	24035	0.066	424.7
18-Jan-22	95262.42	24037	0.056	429.11
19-Jan-22	94960.5	24039	0.095	427.75
20-Jan-22	93306.6	24041	0.068	420.3
23-Jan-22	94885.02	24043	0.094	427.41
24-Jan-22	93331.02	24045	0.077	420.41
25-Jan-22	99158.52	24047	0.075	446.66
26-Jan-22	98707.86	24510	0.106	444.63
27-Jan-22	99296.16	25001	0.08	447.28
30-Jan-22	100568.22	25003	0.084	453.01
31-Jan-22	101338.56	25005	0.118	456.48
1-Feb-22	101274.18	25007	0.05	456.19
2-Feb-22	101036.64	25009	0.101	455.12
3-Feb-22	202048.96	25011	0.087	459.68
6-Feb-22	203001.34	25013	0.105	463.97
7-Feb-22	204080.26	25015	0.073	468.83
8-Feb-22	205822.96	25017	0.081	476.68
9-Feb-22	209483.74	25019	0.05	493.17
10-Feb-22	209539.24	25021	0.085	493.42
13-Feb-22	211577.2	25023	0.097	502.6
14-Feb-22	223100.12	25025	0.093	509.46
15-Feb-22	310482.74	25027	0.101	497.67
16-Feb-22	311490.62	26001	0.167	502.21
17-Feb-22	311470.64	26003	0.12	502.12
21-Feb-22	314296.7	26005	0.132	514.85
22-Feb-22	313894.88	26007	0.139	513.04
23-Feb-22	314638.58	26009	0.147	516.39
24-Feb-22	315975.02	26011	0.158	522.41
27-Feb-22	316718.72	26013	0.243	525.76
28-Feb-22	318861.02	26015	0.105	535.41
29-Feb-22	120421.68	26017	0.123	542.44
1-Mar-22	120872.34	26019	0.12	544.47
2-Mar-22	121029.96	26021	0.135	545.18
5-Mar-22	118361.52	26023	0.14	533.16
6-Mar-22	117717.72	26025	0.124	530.26
7-Mar-22	117813.18	26027	0.114	530.69
8-Mar-22	120321.78	26029	0.139	541.99
9-Mar-22	121027.74	26031	0.086	545.17
12-Mar-22	122544	26033	0.116	552
13-Mar-22	126118.2	26035	0.168	568.1
14-Mar-22	130886.76	26037	0.094	589.58
15-Mar-22	129994.32	26039	0.137	585.56
16-Mar-22	129996.54	26041	0.115	585.57
19-Mar-22	133444.2	26043	0.12	601.1
20-Mar-22	134523.12	26045	0.103	605.96
21-Mar-22	133755	26047	0.122	602.5
22-Mar-22	133053.48	26049	0.158	599.34
23-Mar-22	132323.1	26051	0.165	596.05
26-Mar-22	134749.56	26053	0.133	606.98
27-Mar-22	136414.56	26055	0.12	614.48
28-Mar-22	137111.64	26057	0.137	617.62
29-Mar-22	135388.92	26059	0.172	609.86
30-Mar-22	133100.1	26061	0.102	599.55
2-Apr-22	137335.86	26063	0.148	618.63
3-Apr-22	139709.04	26065	0.116	629.32
4-Apr-22	138596.82	26067	0.134	624.31
5-Apr-22	140676.96	26069	0.164	633.68
9-Apr-22	141243.06	26071	0.117	636.23
10-Apr-22	139513.68	26073	0.085	628.44
11-Apr-22	139016.4	26075	0.149	626.2
12-Apr-22	138254.94	26077	0.112	622.77
13-Apr-22	134361.06	26079	0.143	605.23
16-Apr-22	128788.86	26081	0.117	580.13
17-Apr-22	135353.4	26083	0.119	609.7
18-Apr-22	135051.48	26085	0.175	608.34
19-Apr-22	130411.68	26087	0.181	587.44
20-Apr-22	127201.56	26089	0.09	572.98
23-Apr-22	126917.4	26091	0.161	571.7
24-Apr-22	124382.16	26093	0.136	560.28
25-Apr-22	135420	26095	0.132	610
26-Apr-22	134909.4	26097	0.061	607.7
27-Apr-22	133866	26099	0.181	603
30-Apr-22	129643.56	26101	0.126	583.98
1-May-22	129232.86	26103	0.101	582.13